<?xml version="1.0" encoding="UTF-8"?>
<project-private xmlns="http://www.netbeans.org/ns/project-private/1">
    <editor-bookmarks xmlns="http://www.netbeans.org/ns/editor-bookmarks/2" lastBookmarkId="0"/>
    <open-files xmlns="http://www.netbeans.org/ns/projectui-open-files/2">
        <group>
            <file>file:/C:/Users/DELL/Documents/TERCER_AÑO/6_SEMESTRE/DIGITAL2/LABORATORIO/LABORATORIO_DIGITAL2/LABORATORIO_3/MASTER_SPI.X/EUSART_LIB.h</file>
            <file>file:/C:/Users/DELL/Documents/TERCER_AÑO/6_SEMESTRE/DIGITAL2/LABORATORIO/LABORATORIO_DIGITAL2/LABORATORIO_3/MASTER_SPI.X/main.c</file>
        </group>
    </open-files>
</project-private>
